Wang, JQ
Yang, HJ
Zhang, JJ
Zhu, ZY
Hu, Jun
Fang, HP
Tai, RZ
Zhang, Yi
Song, SP
Li, Bin
Lv, JH
Wang, LH
Gao, Yi
Wang, Ying
Xiao, TQ
Gao, XY
Si, Rui
Jiang, Zheng
Huang, YY
Wu, YQ
Wang, Yong
Wei, XJ
Guo, Zhi
Yang, Ke
Li, AG
Song, Fei
Zhu, Ying
Li, LN
Li, XL
Li, XH
Zhou, XT
Lin, Jun
Sun, Hua
Qian, Yuan
Li, Zhong
Xie, LD
Liu, HT
Tang, ZF
Song, JL
Li, YL
Xu, JH
Zhao, HW
Wan, RZ
Wang, CL
Shi, GS
Lei,XL
Chen,JG
Zhu,BE
Zhang,LJ
Zou,Ying
Xu,ZJ
Zhang,Wei
Ren,CL
Wang,CB
Sun,YH
Cai,XQ
Li,Jiang
Lv,Min
Peng,HZ
Li,XX
Peng,Cheng
Li,FW
Zhang,Yu
Wen,Wen
Yang,TY
Sheng,Nan
Huang,YY
Zhang,LJ
Yang,XM
Du,XL
Li,Qian
Jin,Chan
Zhang,JB
Huang,YB
Liu,HJ
Yang,JZ
Long,DW
Tang,Rui
Zuo,Yong
Shen,Miao
Zhao,SF
Fu,Jie
Ge,Min
Liu,YC
Tang,YY
Fu,XB
Fei,ZJ
Dong,CW
Lin,Jian
Wang,Yang
Ling,CJ
Liu,Qi
Liu,WH
Yin,HQ
Li,XJ
Li,ZJ
Wang,ZR
Liu,ZY
Ma,JF
Yao,Jian
Tang,XX
Du,Lin
Lv,LJ
Liu,Yang
Zhou,Jing
Zhang,YX
Bao,HL
Wang,Yu
Xiao,GP
Lin,Xiao
Guan,CZ
Cheng,FP
Yang,Yun
Cheng,Jie
Wei,YH
Chen,Jing
Su,XZ
Chen,YJ
Ai,Hua
Chen,BC
Qi,WP
Guo,LJ
Zhang,YY
Cui,CJ
Song,YL
Han,Ling
Yang,Jing
Li,Na
Chen,GS
Jiang,HY
Li,XY
Yu,HS
Yan,HJ
Zhang,Zhen
Hong,CF
Wan,Song
Zhao,NN
Zhao,QK
Sun,ZL
Lu,HJ
Zhao,JC
Tong,LL
Liu,Ze
Zhang,YL
Gao,Na
Lv,XT
Lu,Yue
Xu,Li
Yang,Na
Li,SS
